Source,Document Ref,Page Ref,Question,Answer,Team,Star Player,Skills and Traits
Blood Bowl Designer's Commentary - May 2024,Blood Bowl Rule Book - 2020,23,"If both coaches have an Inducement, Skill, Trait, etc., that takes place at the end of a team turn, whose will resolve first?","The coach whose team turn has just taken place will resolve any Inducements, Skills, Traits, etc., that they have first, then their opponent will resolve any of theirs.",,,""
Blood Bowl Designer's Commentary - May 2024,Blood Bowl Rule Book - 2020,24,What exactly can a team re-roll be used to re-roll?,"A team re-roll can only be used when a team is active and during its own team turn. It can be used to re-roll all the dice in a dice pool that were rolled during their team turn, including any dice pools rolled for any Skills or Traits used during that team turn. A team re-roll may not be used to re- roll the following rolls: Deviation, Scatter, Bounce, Armour, Injury, Casualty, Throw-in, Bribes, and Argue the Call.",,,""
Blood Bowl Designer's Commentary - May 2024,Blood Bowl Rule Book - 2020,24,Can a team use more than one team re-roll in the same team turn?,"Yes. Though be careful, as if you use them all early on in a half you will be facing quite a few turns without any! Remember that you can never re-roll a re-roll.",,,""
Blood Bowl Designer's Commentary - May 2024,Blood Bowl Rule Book - 2020,24,Are team re-rolls that are not spent during the first half lost for the second half as it states that only spent team re-rolls are replenished and unused ones are not carried over?,"No. What this means is that a team will always start each half with their full complement of team re-rolls, and those that are not spent in the first half cannot then be saved to add on to your store of team re-rolls. A team that starts the first half with 3 team re-rolls, will also start the second half with 3 re-rolls.",,,""
Blood Bowl Designer's Commentary - May 2024,Blood Bowl Rule Book - 2020,24,Can I use a team re-roll to force an opposing coach to re-roll a dice in any circumstances?,No.,,,""
Blood Bowl Designer's Commentary - May 2024,Blood Bowl Rule Book - 2020,27,"If a player is bitten by a Vampire as a result of a failed Bloodlust roll and becomes Stunned (even if already Stunned), do they roll over and become Prone at the end of the turn in which they were Stunned, or the following turn?",At the end of the following turn.,,,Bloodlust
Blood Bowl Designer's Commentary - May 2024,Blood Bowl Rule Book - 2020,29,"If a player with a PA of 1+ scores a 1 for a Passing Ability test, after modifiers have been applied, is this still an Accurate Pass?",Yes.,,,""
Blood Bowl Designer's Commentary - May 2024,Blood Bowl Rule Book - 2020,24,"If a player re-rolls a single dice from a dice pool with a Skill (e.g., Brawler), can they then use a team re-roll to allow them to re-roll the other dice from the same dice pool?",No.,,,Brawler
Blood Bowl Designer's Commentary - May 2024,Blood Bowl Rule Book - 2020,34,Can a team remove a team re-roll from their roster during a league in order to lower their Team Value?,"No. Once a team re-roll has been bought, it is permanent for the duration of the league.",,,""
Blood Bowl Designer's Commentary - May 2024,Blood Bowl Rule Book - 2020,37,"When the Sweltering Heat result is rolled on the Weather table, is a single D3 rolled to determine the number of players from each team affected, or do both coaches roll a separate D3?",A single D3 is rolled and the same result is applied to each team.,,,""
Blood Bowl Designer's Commentary - May 2024,Blood Bowl Rule Book - 2020,38,"If a team has fewer than 11 available players for a game, are they required to take on enough Journeymen to take their team temporarily to 11 before taking other Inducements such as Star Players?",Yes.,,,""
Blood Bowl Designer's Commentary - May 2024,Blood Bowl Rule Book - 2020,38,"After purchasing Inducements, do you add the value of the Inducements to your Current Team Value (CTV) when recalculating your CTV to determine which team is the 'Underdog'?",Yes.,,,""
Blood Bowl Designer's Commentary - May 2024,Blood Bowl Rule Book - 2020,38,"If two teams have the same CTV, do either team gain Inducements and can either team spend gold pieces from their Treasury?",No to both questions.,,,""
Blood Bowl Designer's Commentary - May 2024,Blood Bowl Rule Book - 2020,38,"During the Determine Kicking Team step, does the team that wins the coin toss or roll-off automatically become the kicking team, or may they choose to be either the kicking or receiving team?",They may choose.,,,""
Blood Bowl Designer's Commentary - May 2024,Blood Bowl Rule Book - 2020,38 & 106,"If a team with the Low Cost Linemen special rule is forced to take on Journeymen, does the value of the Journeymen increase the Current Team Value of the team?",No.,,,""
Blood Bowl Designer's Commentary - May 2024,Blood Bowl Rule Book - 2020,38,Do Inducements purchased at step 4 of the pre-game sequence add to a team's Current Team Value (CTV) when CTV is recalculated when working out which team is the Underdog?,Yes.,,,""
Blood Bowl Designer's Commentary - May 2024,Blood Bowl Rule Book - 2020,40,"If a player is Sent-off as a result of Too Many Players, can their coach Argue the Call or use a Bribe to avoid them being Sent-off?","Yes, however, players that avoid being Sent-off in this manner do not stay on the pitch and will instead be placed in the Reserves box.",,,""
Blood Bowl Designer's Commentary - May 2024,Blood Bowl Rule Book - 2020,40 & 87,"When a team sets up additional players on the pitch as a result of the Swarming trait, and this takes the number of players on the pitch to above 11, can players on that team be Sent-off as per the Too Many Players rule during that drive?","No. The Too Many Players rule is used when there are more players than the team is allowed on the pitch (usually 11). The Swarming trait increases the number of players that team is allowed to field by D3 for the duration of the drive so, as long as the team does not exceed the new limit, their players cannot be Sent-off for Too Many Players. If there are any players fielded above the new limit for the Swarming team, they can be Sent-off for Too Many Players as normal.",,,Swarming
Blood Bowl Designer's Commentary - May 2024,Blood Bowl Rule Book - 2020,40,What happens if a team cannot nominate a kicking player as all their players are either on the Line of Scrimmage or in a Wide Zone?,"In this instance, simply nominate a player on the Line of Scrimmage instead.",,,""
Blood Bowl Designer's Commentary - May 2024,Blood Bowl Rule Book - 2020,41,"If I roll a Blitz result on the Kick-off Event table, it states I am allowed to activate D3+3 Open players. Do these players need to be Open when the Kick-off event is rolled, or can I activate players that become Open during the Blitz, such as if a player pushes an opposition player away from a team-mate so that they are now Open?",They must be Open at the time of the Kick-off event.,,,""
Blood Bowl Designer's Commentary - May 2024,Blood Bowl Rule Book - 2020,41,"During a Blitz result on the Kick-off Event table, if a player from the receiving team is Knocked Down does this end the Blitz?",No.,,,""
Blood Bowl Designer's Commentary - May 2024,Blood Bowl Rule Book - 2020,41 & 81,"If, during a Blitz kick-off event, a player with the Animal Savagery trait knocks down a player on their team as part of the Animal Savagery trait, will that cause the Blitz kick-off event to immediately end?",No.,,,Animal Savagery
Blood Bowl Designer's Commentary - May 2024,Blood Bowl Rule Book - 2020,41,"When a Blitz result is rolled on the Kick-off Event table, it states one player may perform a Blitz action and one may perform a Throw Team-mate action. Are these included in the D3+3 players that can be activated, or in addition?",These are included as part of the D3+3.,,,Throw Team-Mate
Blood Bowl Designer's Commentary - May 2024,Blood Bowl Rule Book - 2020,41,"During a Blitz result on the Kick-Off Event table, can I use a team re-roll?",No. A Kick-Off Blitz isn't a team turn. It represents the kicking team springing into action ahead of the receiving team.,,,""
Blood Bowl Designer's Commentary - May 2024,Blood Bowl Rule Book - 2020,41,Can a coach attempt to Argue the Call if a player is Sent- off as a result of the Officious Ref result on the Kick-off Event table?,No.,,,""
Blood Bowl Designer's Commentary - May 2024,Blood Bowl Rule Book - 2020,41,Can a Bribe be used to prevent a player being Sent-off as a result of the Officious Ref Kick-off event?,No.,,,""
Blood Bowl Designer's Commentary - May 2024,Blood Bowl Rule Book - 2020,41,"If a tie is rolled for a Pitch Invasion on the Kick-off Event table, is a single D3 rolled to determine the number of players from each team affected, or do both coaches roll a separate D3?",A single D3 is rolled and the same result is applied to each team.,,,""
Blood Bowl Designer's Commentary - May 2024,Blood Bowl Rule Book - 2020,42,"The rules for team turns state that a team turn ends when all eligible players have been activated. However, the rules for player activations state that coaches are not obliged to activate every player. Does this mean that coaches can choose to end their team turn without activating all of their eligible players if they wish?",Yes.,,,""
Blood Bowl Designer's Commentary - May 2024,Blood Bowl Rule Book - 2020,43,Can a player that performed a Special action also make a Move action before or after performing the Special action?,"No, unless the Special action in question specifically states otherwise or is performed as part of a Blitz action (if applicable). Note that some Special actions that can be used as part of a Blitz action also state that the player cannot move after performing the Special action.",,,""
Blood Bowl Designer's Commentary - May 2024,Blood Bowl Rule Book - 2020,44,Can a player with a MA of 2 or less attempt to Rush to Stand Up instead of attempting to roll a 4+ to stand up?,No.,,,""
Blood Bowl Designer's Commentary - May 2024,Blood Bowl Rule Book - 2020,44,Can the Pro skill be used to re-roll the dice when a player attempts to stand up?,No.,,,Pro
Blood Bowl Designer's Commentary - May 2024,Blood Bowl Rule Book - 2020,44 & 75,Does a player who has the Jump Up skill still need to roll to stand up if they also have a Movement Allowance of 2 or less?,No.,,,Jump Up
Blood Bowl Designer's Commentary - May 2024,Blood Bowl Rule Book - 2020,45,"If a player that wishes to Jump over another player has no Movement Allowance remaining, can they Rush to Jump over the player? If so, how many Rush rolls are required?","Yes. Two Rush rolls will be required, one for each space moved. If the first Rush roll is failed, the player will Fall Over in the square they were in rather than the one they were attempting to Jump into.",,,""
Blood Bowl Designer's Commentary - May 2024,Blood Bowl Rule Book - 2020,46,What exactly is a Blitz action?,"A Blitz action is a single declared action that comprises both a Move action and a Block action. If a player that declared a Blitz action is forced to lose its action, then it will lose the entire Blitz action.",,,""
Blood Bowl Designer's Commentary - May 2024,Blood Bowl Rule Book - 2020,46,"Does a player that has declared a Blitz action have to perform a Block action as part of their Blitz action, or can they choose not to?","They may choose not to. However, this will still use the team's Blitz action for that turn.",,,""
Blood Bowl Designer's Commentary - May 2024,Blood Bowl Rule Book - 2020,46,Can a player declare a Blitz action even if they have no target in range?,"Yes. They must still declare a target of the Block action (even if the target is not in range), and this will still use the team's Blitz action for the turn.",,,""
Blood Bowl Designer's Commentary - May 2024,Blood Bowl Rule Book - 2020,46,"When a player declares an opposition player as the target of a Blitz action, can they change their mind during the Blitz action and instead make the Block action against a different player?","No. When a player declares a Blitz action against an opposition player, the targeted player is the only player they may perform the Block action against. They may choose not to make the Block action at all, though the team's Blitz action for the turn is still used.",,,""
Blood Bowl Designer's Commentary - May 2024,Blood Bowl Rule Book - 2020,48,Can a player make a Pass action to an adjacent friendly player?,Yes.,,,""
Blood Bowl Designer's Commentary - May 2024,Blood Bowl Rule Book - 2020,49,"When making a Passing Ability test, if the roll is not a natural 1, but is reduced to less than 1 after modifiers have been applied, is this an inaccurate pass or a wildly inaccurate pass?",This will be a wildly inaccurate pass.,,,""
Blood Bowl Designer's Commentary - May 2024,Blood Bowl Rule Book - 2020,50,"If an inaccurate or wildly inaccurate pass goes out of bounds, do you roll for passing interference before or after the throw-in? If before, where do you count the ball as for the purpose of placing the range ruler to determine which players can attempt to interfere?","Before. When placing the range ruler to determine which players can attempt to interfere, treat the ball as occupying the last square it was over before going out of bounds.",,,""
Blood Bowl Designer's Commentary - May 2024,Blood Bowl Rule Book - 2020,51,"When resolving a Throw-in, is the square which has the Blood Bowl logo from the Throw-in template on it treated as the first square along the path, or is it treated as 'square 0' and the distance is measured from that square?",It is treated as square 0.,,,""
Blood Bowl Designer's Commentary - May 2024,Blood Bowl Rule Book - 2020,54,"If a thrown player lands in an occupied square and then subsequently bounces into another occupied square, is the player that is in the new occupied square also Knocked Down?",Yes.,,,""
Blood Bowl Designer's Commentary - May 2024,Blood Bowl Rule Book - 2020,57 & 80,"If a player with the Mighty Blow (+X) skill makes a Block action, and chooses the Both Down result and is Knocked Down themselves, can they still apply the effects of Mighty Blow (+X)?","No, as when the Armour roll is made for the opposition player, the player with Mighty Blow (+X) is Prone and so cannot use the skill.",,,Mighty Blow (+X)
Blood Bowl Designer's Commentary - May 2024,Blood Bowl Rule Book - 2020,59,"When a player makes a Blitz action, do they have to nominate the target of the Block action before the player is moved?",Yes.,,,""
Blood Bowl Designer's Commentary - May 2024,Blood Bowl Rule Book - 2020,61,"What happens if a player suffers a characteristic reduction as the result of an injury, but the characteristic that would be reduced is already at its minimum value? For example, a ST 1 player that suffers a Dislocated Shoulder (-1 ST).","If a player that suffers a characteristic reduction is already at their minimum value, it cannot be reduced further. Instead, roll again on the Lasting Injury table until a different result that can be applied is rolled.",,,""
Blood Bowl Designer's Commentary - May 2024,Blood Bowl Rule Book - 2020,61,"If a player with a Passing Ability of 6+ suffers a Broken Arm and has their PA reduced by 1, what happens?","Characteristics can ever be reduced below the minimum value shown on page 28 of the Blood Bowl Rulebook, so nothing would happen.",,,""
Blood Bowl Designer's Commentary - May 2024,Blood Bowl Rule Book - 2020,63 & 91,"If a player is Sent-off, which happens first: using a Bribe, Argue the Call, or is the order up to the Sent-off player's coach?","Argue the Call will always happen first, followed by any Bribes (if able).",,,""
Blood Bowl Designer's Commentary - May 2024,Blood Bowl Rule Book - 2020,63 & 91,Do I have to Argue the Call in order to use a Bribe?,"No, but should the Bribe fail, you cannot then attempt to Argue the Call as the chance to do so has passed.",,,""
Blood Bowl Designer's Commentary - May 2024,Blood Bowl Rule Book - 2020,63 & 91,"If a coach is ejected for having rolled a 1 when attempting to Argue the Call, are they only prevented from using a Bribe Inducement for that one sending off, or for the rest of the game?",Just for that particular sending off.,,,""
Blood Bowl Designer's Commentary - May 2024,Blood Bowl Rule Book - 2020,66,"During the End of Drive Sequence, what happens first: players are Sent-off for the Secret Weapon trait, or any end of drive weather effects (such as Sweltering Heat)?","During the End of Drive Sequence, Secret Weapons are always Sent-off before any other effects.",,,Secret Weapon
Blood Bowl Designer's Commentary - May 2024,Blood Bowl Rule Book - 2020,67,Can you clarify what the penalties are for conceding a game?,"If a player concedes a match, they immediately lose the game. Then, follow the procedure outlined on page 67 of the Blood Bowl Rulebook.",,,""
Blood Bowl Designer's Commentary - May 2024,Blood Bowl Rule Book - 2020,67,"If a game goes to extra time, how many additional turns are taken by each coach?",Each coach will take 8 team turns.,,,""
Blood Bowl Designer's Commentary - May 2024,Blood Bowl Rule Book - 2020,70,"If a player makes a superb Kick Team-mate Special action, does it generate Star Player Points like a Throw Team-mate Special action?",No.,,,"Kick Team-Mate, Throw Team-Mate"
Blood Bowl Designer's Commentary - May 2024,Blood Bowl Rule Book - 2020,70,"If a player converts a Deflection into an Interception, will they gain 2 Star Player Points for the Interception, or 3 Star Player Points – 2 for the Interception, and 1 for the initial Deflection?",They will gain 2 Star Player Points for the Interception.,,,""
Blood Bowl Designer's Commentary - May 2024,Blood Bowl Rule Book - 2020,70 & 93,"In League Play, are Infamous Coaching Staff and Infamous Sideline Staff who play in the game, such as Josef Bugman, eligible for the MVP award?","No. Though these folk might think of themselves as players, they are coaches and support staff – infamous ones at that!",,,""
Blood Bowl Designer's Commentary - May 2024,Blood Bowl Rule Book - 2020,71,What happens when a player with a PA of '-' rolls an improvement to its PA?,"Either choose another listed option, or improve its PA to 6+.",,,""
Blood Bowl Designer's Commentary - May 2024,Blood Bowl Rule Book - 2020,71,"If a player randomly selects a characteristic improvement, and then decides they do not want to take the characteristic improvement they have rolled, they can instead take a Secondary skill. Could they instead choose a Primary skill if they wanted?",Yes.,,,""
Blood Bowl Designer's Commentary - May 2024,Blood Bowl Rule Book - 2020,72,"If I hire a Journeyman that gained an advancement during Step 3 of the post-game sequence, how much do they cost to hire?","They will cost the same as their Current Value, including the cost of any advancements gained.",,,""
Blood Bowl Designer's Commentary - May 2024,Blood Bowl Rule Book - 2020,74,"What happens if a player rolls a random Skill and gains one that they could take, but cannot actually use? Such as if a player with the No Hands trait gained the Catch skill.","In these instances, roll again until they gain a Skill they could actually use.",,,"Catch, No Hands"
Blood Bowl Designer's Commentary - May 2024,Blood Bowl Rule Book - 2020,74,"If a player with an AV of 8+ (or worse) randomly gains the Iron Hard Skin skill, does this count as them gaining a Skill they cannot use as the Skill will have no effect?",Yes. They may re-roll.,,,Iron Hard Skin
Blood Bowl Designer's Commentary - May 2024,Blood Bowl Rule Book - 2020,74,"Can players that are Prone, Stunned, or have lost their Tackle Zone still use skills such as Dodge, Block, Sidestep or Wrestle (amongst others)?","No. A player that is Prone, Stunned, or has lost their Tackle Zone cannot use any Skills or Traits unless it is specifically stated in the description of that Skill or Trait.",,,"Block, Dodge, Pro, Sidestep, Tackle, Wrestle"
Blood Bowl Designer's Commentary - May 2024,Blood Bowl Rule Book - 2020,75,Can the Catch skill be used when attempting to catch a Bomb?,"No, a Bomb is not a ball.",,,Catch
Blood Bowl Designer's Commentary - May 2024,Blood Bowl Rule Book - 2020,75 & 78,What happens if a player already has the Catch skill or the Monstrous Mouth skill and randomly rolls the other Skill?,"If a player has the Monstrous Mouth skill and subsequently rolls the Catch skill, then they should re-roll. If a player has the Catch skill and subsequently rolls the Monstrous Mouth skill, then they may not re-roll, as the Monstrous Mouth skill provides an additional benefit.",,,"Catch, Monstrous Mouth"
Blood Bowl Designer's Commentary - May 2024,Blood Bowl Rule Book - 2020,75,"If a player with the Diving Catch skill attempts to catch the ball when it is landing in an adjacent square and fails, does the ball bounce from the player who failed the catch, or from where it was going to initially land?",The ball will bounce from where it was initially going to land.,,,Diving Catch
Blood Bowl Designer's Commentary - May 2024,Blood Bowl Rule Book - 2020,75,"If a player attempts to Dodge away from a player with the Diving Tackle skill and fails the original Dodge roll, but then uses a re-roll and succeeds, can the player with Diving Tackle use this Skill on the re-rolled attempt?",Yes,,,Diving Tackle
Blood Bowl Designer's Commentary - May 2024,Blood Bowl Rule Book - 2020,75 & 85,"If a player with the Leap skill or Pogo Stick trait has used all of their Movement Allowance and is attempting to use the Leap skill or Pogo Stick trait to jump over a square, what happens if they fail the Rush roll?","If the Rush fails, then the player will fall over in the square they have moved into, do not roll the Agility test for the jumping player.",,,"Leap, Pogo Stick"
Blood Bowl Designer's Commentary - May 2024,Blood Bowl Rule Book - 2020,75,Can a player with the Sneaky Git skill that performs a Foul action still be Sent-off if it rolls a natural double on the Injury roll?,Yes.,,,Sneaky Git
Blood Bowl Designer's Commentary - May 2024,Blood Bowl Rule Book - 2020,75,What happens if the ball lands in the Tackle Zones of multiple players from the same team with the Diving Catch skill?,"Each player may attempt to catch the ball, in an order chosen by the controlling coach. Permission to download/print for personal use only.",,,Diving Catch
Blood Bowl Designer's Commentary - May 2024,Blood Bowl Rule Book - 2020,75,What happens if the ball lands in the Tackle Zones of multiple players from opposing teams with the Diving Catch skill?,"Each player may attempt to catch the ball, in an order chosen by the active team's coach.",,,Diving Catch
Blood Bowl Designer's Commentary - May 2024,Blood Bowl Rule Book - 2020,75,"Can the Dodge skill be used on moves outside of a player's activation, such as those provided from On the Ball, or the Blitz result on the Kick-off Event table?",No. The Dodge skill can only be used to re-roll a Dodge roll during that player's activation during their own team turn.,,,Dodge
Blood Bowl Designer's Commentary - May 2024,Blood Bowl Rule Book - 2020,75,"If a player with the Safe Pair of Hands skill is targeted by a Block action performed by a player with the Strip Ball skill, and they suffer a Push Back result, can they still use Safe Pair of Hands?",No.,,,"Safe Pair of Hands, Strip Ball"
Blood Bowl Designer's Commentary - May 2024,Blood Bowl Rule Book - 2020,75,"If a player with the Safe Pair of Hands skill is Knocked Down, and there are no empty squares for them to put the ball into, what happens?","The Safe Pair of Hands skill cannot be used in this instance, and so the ball will bounce as normal.",,,Safe Pair of Hands
Blood Bowl Designer's Commentary - May 2024,Blood Bowl Rule Book - 2020,75,"Can the Sure Feet skill be used on moves outside of a player's activation, such as those provided from the Blitz result on the Kick-off Event table?",No. The Sure Feet skill can only be used during that player's activation.,,,Sure Feet
Blood Bowl Designer's Commentary - May 2024,Blood Bowl Rule Book - 2020,75 & 95,"Can a Biased Referee be used against an opposition player with Sneaky Git that rolled a double for the Armour roll, and was not Sent-off due to the Sneaky Git skill?",Yes.,,,Sneaky Git
Blood Bowl Designer's Commentary - May 2024,Blood Bowl Rule Book - 2020,75 & 81,"If a player with the Animal Savagery trait also has the Jump Up skill, do they still get the +2 to the roll if they wish to attempt to make a Block action while prone?",Yes.,,,"Animal Savagery, Jump Up"
Blood Bowl Designer's Commentary - May 2024,Blood Bowl Rule Book - 2020,75 & 86,"If a player has both the Jump Up skill and the Stab trait, can they use the Jump Up skill to allow them to make a Block action from Prone on a 2+ and then replace this Block action with a Stab Special action?",Yes.,,,Jump Up
Blood Bowl Designer's Commentary - May 2024,Blood Bowl Rule Book - 2020,76,"When a player with the Dauntless skill declares a Block action, can they choose to not perform the Block action if they do not roll the desired result for the Dauntless skill?","No, they must still perform the Block action.",,,Dauntless
Blood Bowl Designer's Commentary - May 2024,Blood Bowl Rule Book - 2020,77 & 87,"If a player with the Frenzy skill performs a Block action against a Rooted player and rolls a Push Back, does the player with Frenzy still get to perform a second Block even though the Rooted player cannot be pushed back?",Yes.,,,Frenzy
Blood Bowl Designer's Commentary - May 2024,Blood Bowl Rule Book - 2020,77,"Can a player with the Pro skill use the re-roll outside of their activation – for example, to Catch or Intercept the ball?",No. The Pro skill can only be used during that player's activation.,,,Pro
Blood Bowl Designer's Commentary - May 2024,Blood Bowl Rule Book - 2020,77,What exactly can the Pro skill be used to re-roll?,"The Pro skill can be used to re-roll a single dice rolled by that player, either on its own, as part of a multiple roll, or as part of a dice pool. It cannot be used to re-roll a dice that was rolled as part of an Armour, Injury or Casualty roll, a roll that is not made during its own activation (such as Regeneration) or a dice that is not rolled on behalf of the player specifically (such as a Bribe or Argue the Call).",,,Pro
Blood Bowl Designer's Commentary - May 2024,Blood Bowl Rule Book - 2020,77 & 80,"A player with both the Pro skill and Brawler skill performs Block, rolls two Block Dice and rolls Both Down on both dice, can the controlling coach choose to use Brawler on one of the dice, and then subsequently attempt to use Pro on the other dice that has not yet been rerolled?","Yes, so long as the same dice is not re-rolled more than once.",,,"Brawler, Pro"
Blood Bowl Designer's Commentary - May 2024,Blood Bowl Rule Book - 2020,77,"If a player attempts to Dodge away from a player with the Shadowing skill, which roll happens first: the Dodge roll or the roll for Shadowing?","The Dodge roll will happen first, and once the Dodge has been resolved the opposing player may roll for Shadowing if they wish.",,,Shadowing
Blood Bowl Designer's Commentary - May 2024,Blood Bowl Rule Book - 2020,77 & 80,"If a player has both the Pro and Brawler skills, can they re-roll a single Both Down result for the Brawler skill, and then use the Pro skill to attempt to re-roll another dice from the same dice pool?","Yes, so long as the same dice isn't re-rolled more than once.",,,"Brawler, Pro"
Blood Bowl Designer's Commentary - May 2024,Blood Bowl Rule Book - 2020,77 & 78,"When a player with the Frenzy skill makes a Block action against a player with Foul Appearance, if the first Block action results in the player following up and performing a second Block action, do they need to make another roll for Foul Appearance?",Yes.,,,"Foul Appearance, Frenzy"
Blood Bowl Designer's Commentary - May 2024,Blood Bowl Rule Book - 2020,77,"If a player with the Strip Ball skill rolls a Push Back result against a player who is holding the ball, and that player is pushed into the End Zone, do they score a touchdown as described on page 64?",No.,,,Strip Ball
Blood Bowl Designer's Commentary - May 2024,Blood Bowl Rule Book - 2020,77 & 80,Can the Strip Ball skill be used to make a player who used the Stand Firm skill drop the ball?,"Yes, if the player chooses not to be pushed back, they will drop the ball in the square they are standing in.",,,"Stand Firm, Strip Ball"
Blood Bowl Designer's Commentary - May 2024,Blood Bowl Rule Book - 2020,77 & 86,"If a player has both the Frenzy skill and the Stab trait, if they declare a Block action which results in a Pushed Back result when they follow up and have to perform a second Block action, can they then use the Stab trait to replace the second Block action with the Stab Special action?",Yes.,,,"Frenzy, Stab"
Blood Bowl Designer's Commentary - May 2024,Blood Bowl Rule Book - 2020,78 & 80,Can a player with both the Claws and Mighty Blow (+X) skills use them together to allow them to break an opposition player's armour on less than 8+ provided by the Claws skill?,No.,,,"Claws, Mighty Blow (+X)"
Blood Bowl Designer's Commentary - May 2024,Blood Bowl Rule Book - 2020,78,"If a player with the Foul Appearance skill is chosen as the target of a Blitz action, when do they roll to see if the action is wasted?","As soon as the Blitz action is declared. This will mean that, if they fail, they will lose their entire action and will be unable to make either the Move action",,,Foul Appearance
Blood Bowl Designer's Commentary - May 2024,Blood Bowl Rule Book - 2020,78,"If a player with the Foul Appearance skill is chosen as the target of a Foul action, does the player that declared them as the target of a Foul action have to make the roll for Foul Appearance?","No, as Foul Appearance only triggers when the player is chosen as the target of either a Block action or a Special action.",,,Foul Appearance
Blood Bowl Designer's Commentary - May 2024,Blood Bowl Rule Book - 2020,78 & 82,"If a player uses the Ball & Chain Move special action and moves out of the Tackle Zone of a player with the Tentacles skill, does the player with Tentacles get to use the Skill?",No.,,,"Ball & Chain, Tentacles"
Blood Bowl Designer's Commentary - May 2024,Blood Bowl Rule Book - 2020,78 & 79,"If a player with a Trait that requires them to roll a dice to see if they can activate normally (such as Bone Head or Unchanneled Fury) and wishes to declare a player with either the Foul Appearance or Dump-off skills as the target of an action, do they roll for their Trait or for the opposing player's Skill first?","The player will first nominate the target of their action, then roll for their Trait, and then the opposing player will use their Skill.",,,"Bone Head, Dump-Off, Foul Appearance"
Blood Bowl Designer's Commentary - May 2024,Blood Bowl Rule Book - 2020,79,Can a player with both the Dump-off and the Pass skills use the Pass skill when making a Pass action as part of the Dump- off skill?,Yes.,,,Dump-Off
Blood Bowl Designer's Commentary - May 2024,Blood Bowl Rule Book - 2020,79,"When a player with the Dump-off skill is nominated as the target of a Blitz action, when do they make their Quick Pass action?",As soon as they are nominated as the target of the Blitz action.,,,Dump-Off
Blood Bowl Designer's Commentary - May 2024,Blood Bowl Rule Book - 2020,79,"Can multiple players from the same team use the On The Ball skill in response to the same Pass action? If so, what happens if one of them Falls Over before the others have been able to use the On The Ball skill?","Yes. However, if one player Falls Over before the others have been able to use the On The Ball skill then the sequence ends and no further players can move.",,,On the Ball
Blood Bowl Designer's Commentary - May 2024,Blood Bowl Rule Book - 2020,79,Can any of the Passing skills that are used when performing a Pass action also be used when performing a Throw Team-mate action?,No.,,,Throw Team-Mate
Blood Bowl Designer's Commentary - May 2024,Blood Bowl Rule Book - 2020,79,Is a Hail Mary Pass treated as a Long bomb when determining any modifiers for testing for accuracy?,Yes.,,,Hail Mary Pass
Blood Bowl Designer's Commentary - May 2024,Blood Bowl Rule Book - 2020,79,"If a player with the Leader re-roll is removed from the pitch before their Leader re-roll has been used, then the re-roll would be lost. If the player would subsequently return to the pitch (such as recovering from being KO'd), is the re-roll available again?",Yes.,,,Leader
Blood Bowl Designer's Commentary - May 2024,Blood Bowl Rule Book - 2020,79,"If multiple players on a team have the On the Ball skill, can they all move if an opposition player declares a Pass action?",Yes if their controlling coach wishes.,,,On the Ball
Blood Bowl Designer's Commentary - May 2024,Blood Bowl Rule Book - 2020,79,When exactly can a player with Running Pass move after the pass is resolved?,"After the ball is successfully caught, provided no Turnover was caused.",,,Running Pass
Blood Bowl Designer's Commentary - May 2024,Blood Bowl Rule Book - 2020,79,Does the Cannoneer skill still apply when a player makes a Hail Mary Pass?,Yes.,,,"Cannoneer, Hail Mary Pass"
Blood Bowl Designer's Commentary - May 2024,Blood Bowl Rule Book - 2020,79,"If a player with the Safe Pass skill and Running Pass skill fumbles a Pass action, does their activation end or can they make use of Running Pass?",Their activation will end.,,,"Running Pass, Safe Pass"
Blood Bowl Designer's Commentary - May 2024,Blood Bowl Rule Book - 2020,79,"If a player with the Fumblerooskie skill begins their Activation without the ball, and then picks it up during their Activation, can they still use the Fumblerooskie skill during their Activation?",Yes.,,,Fumblerooskie
Blood Bowl Designer's Commentary - May 2024,Blood Bowl Rule Book - 2020,79 & 83,Can a player with both the Bombardier trait and the Dump-off skill use the Dump-off skill to perform a Throw Bomb Special action when they are chosen as the target of a Block Action?,No.,,,"Bombardier, Dump-Off"
Blood Bowl Designer's Commentary - May 2024,Blood Bowl Rule Book - 2020,79 & 83,What happens when a player with the Bombardier trait and the Safe Pass skill fumbles a throw when making a Throw Bomb Special action?,The bomb will not be dropped and will not explode in the player's hands. The player's activation will still end.,,,"Bombardier, Safe Pass"
Blood Bowl Designer's Commentary - May 2024,Blood Bowl Rule Book - 2020,79 & 83,Can a player who made a Throw Bomb Special action still use the Running Pass skill to move after throwing the bomb?,Yes.,,,"Bombardier, Running Pass"
Blood Bowl Designer's Commentary - May 2024,Blood Bowl Rule Book - 2020,80,Brawler states that a player can use this skill when making a Block action on its own (but not as part of a Blitz action). Can a player with this skill use it when it has an assist from a friendly player?,"Yes. The 'on its own' part simply means it can only be used as a regular Block action, and not part of another action that includes a Block (such as a Blitz action).",,,Brawler
Blood Bowl Designer's Commentary - May 2024,Blood Bowl Rule Book - 2020,80,Can a player with the Grab skill choose not to use it if they wish?,Yes. Remember that only Skills and Traits marked with an * are compulsory.,,,Grab
Blood Bowl Designer's Commentary - May 2024,Blood Bowl Rule Book - 2020,80,Can a player with the Guard skill still provide offensive and defensive assists when they have lost their Tackle Zone?,No.,,,Guard
Blood Bowl Designer's Commentary - May 2024,Blood Bowl Rule Book - 2020,80,"If a player that is performing a Block action against a player with the Mighty Blow (+1) skill rolls the Player Down! result, can the defending player use the Mighty Blow (+1) skill?","No, as the player with the Mighty Blow (+1) skill has not performed the Block action.",,,Mighty Blow (+X)
Blood Bowl Designer's Commentary - May 2024,Blood Bowl Rule Book - 2020,80,"If a player with Multiple Block also has the Grab skill, can they place the second opposition player that they Blocked into the square that was initially occupied by the first opposition player that they Blocked?","No, as both Block actions happen simultaneously.",,,"Grab, Multiple Block"
Blood Bowl Designer's Commentary - May 2024,Blood Bowl Rule Book - 2020,80,"If a player has both the Mighty Blow (+X) skill and the Claws trait, they cannot use the Mighty Blow (+X) skill to modify the Armour roll due to Claws, but can they still use it to modify the Injury roll?",Yes.,,,"Claws, Mighty Blow (+X)"
Blood Bowl Designer's Commentary - May 2024,Blood Bowl Rule Book - 2020,80,"When a player with the Multiple Block skill declares two adjacent opposing players the target of their Block, do both opponents grant defensive assists to each other if there are no other players from the active team marking them?",No.,,,Multiple Block
Blood Bowl Designer's Commentary - May 2024,Blood Bowl Rule Book - 2020,80,"The Pile Driver skill states that the player performing the Block action may then perform a 'free' Foul action against the Knocked Down player. Does this 'free' Foul action mean that it does not count towards the team's one Foul action per turn, or does it mean that the player can perform this action for free?","This means that the player may perform this action for free. This Skill cannot be used if the team has already used their Foul action for that team turn, and if used will mean that another player cannot also make a Foul action during the same team turn.",,,Pile Driver
Blood Bowl Designer's Commentary - May 2024,Blood Bowl Rule Book - 2020,80,Does the free Foul action from Pile Driver happen before or after making the Armour roll (and potentially an Injury roll) for the player being Knocked Down?,"After – so long as the player is still on the pitch, of course!",,,Pile Driver
Blood Bowl Designer's Commentary - May 2024,Blood Bowl Rule Book - 2020,80 & 86,Can the Stab trait be used in conjunction with the Multiple Block skill to make two Stab Special actions?,Yes.,,,"Multiple Block, Stab"
Blood Bowl Designer's Commentary - May 2024,Blood Bowl Rule Book - 2020,81,"If my player with Animal Savagery trait lashes out against my own teammate and also has the Pile Driver skill, is my opponent able to make me perform a foul against my own teammate?","No, they cannot force you to use the Pile Driver skill.",,,"Animal Savagery, Pile Driver"
Blood Bowl Designer's Commentary - May 2024,Blood Bowl Rule Book - 2020,81,"If a player with Animal Savagery knocks down a friendly model, are they forced to use Claws, Piledriver, Mighty Blow (X+) (or any other Skills that would affect Armour or Injury rolls), or can they choose not to?","The only Skills the opposing coach may choose for the player with Animal Savagery to use are Claws and Mighty Blow (+X). In this case, treat the Knock Down as being the result of a Block action.",,,"Animal Savagery, Claws, Mighty Blow (+X)"
Blood Bowl Designer's Commentary - May 2024,Blood Bowl Rule Book - 2020,81,"If a player with Animal Savagery knocks down a team-mate that hasn't yet activated during that team turn, can the Knocked Down player still activate provided they haven't been Stunned or removed from the pitch?",Yes.,,,Animal Savagery
Blood Bowl Designer's Commentary - May 2024,Blood Bowl Rule Book - 2020,81,Will a Prone player that fails its roll for Animal Savagery still lash out against a team-mate?,Yes.,,,Animal Savagery
Blood Bowl Designer's Commentary - May 2024,Blood Bowl Rule Book - 2020,81 & 85,"If a model with the Animal Savagery trait wishes to use the Hypnotic Gaze trait, will the bonus +2 to their Animal Savagery roll as if they were performing a Block or a Blitz action?",No.,,,"Animal Savagery, Hypnotic Gaze"
Blood Bowl Designer's Commentary - May 2024,Blood Bowl Rule Book - 2020,81,Does a player with the Animosity (X) trait make the roll to see whether they can perform a Pass action or Hand-off action to the relevant player at the start of their activation or just before attempting the desired action?,"Animosity (X) states when they attempt to perform the action, so the roll will be made immediately before they attempt to perform the action, not at the start of their activation.",,,Animosity (X)
Blood Bowl Designer's Commentary - May 2024,Blood Bowl Rule Book - 2020,82,Can a player with the Ball and Chain trait declare a Foul action?,"No, the only action a player with the Ball and Chain trait can perform is a 'Ball & Chain Move' special action.",,,Ball & Chain
Blood Bowl Designer's Commentary - May 2024,Blood Bowl Rule Book - 2020,82,"If a player with the Ball and Chain trait rolls the Piledriver skill as a random Skill, can they re-roll it?",Yes.,,,Ball & Chain
Blood Bowl Designer's Commentary - May 2024,Blood Bowl Rule Book - 2020,82,Does a player with Ball and Chain trait generate Star Player Points if they cause a Casualty as part of a Block action performed during a 'Ball & Chain Move' Special action?,Yes.,,,Ball & Chain
Blood Bowl Designer's Commentary - May 2024,Blood Bowl Rule Book - 2020,82,Can a player with the Ball & Chain trait use the Brawler skill?,Yes,,,"Ball & Chain, Brawler"
Blood Bowl Designer's Commentary - May 2024,Blood Bowl Rule Book - 2020,82,Does a player with the Ball & Chain trait have to use their full Movement Allowance?,No.,,,Ball & Chain
Blood Bowl Designer's Commentary - May 2024,Blood Bowl Rule Book - 2020,82,"What assists, if any, does a Ball & Chain player receive when they are forced to Block a friendly player as per the Ball & Chain Move Special action?",None.,,,Ball & Chain
Blood Bowl Designer's Commentary - May 2024,Blood Bowl Rule Book - 2020,82,"If a player with the Ball & Chain trait performs a Block action against a team-mate as a result of the Ball & Chain Move Special action, which coach chooses the result of the Block action?",The coach of the player performing the Block action.,,,Ball & Chain
Blood Bowl Designer's Commentary - May 2024,Blood Bowl Rule Book - 2020,82,"If a player with the Ball & Chain trait moves into a square occupied by a Prone or Stunned player, does the resulting Armour roll benefit from the Mighty Blow (+X) skill if applicable?","No, as in this instance a Block action wasn't made.",,,"Ball & Chain, Mighty Blow (+X)"
Blood Bowl Designer's Commentary - May 2024,Blood Bowl Rule Book - 2020,83,"Do Skills that apply to the ball, but are not part of a Pass action (such as Fumblerooskie), also apply to a bomb?","No, because a bomb is not a ball.",,,"Fumblerooskie, Bombardier"
Blood Bowl Designer's Commentary - May 2024,Blood Bowl Rule Book - 2020,83,"Can a player use a re-roll of any kind (team re-roll, Pro, etc.) to re-roll to see if a bomb that was caught will explode?",No.,,,"Fumblerooskie, Bombardier"
Blood Bowl Designer's Commentary - May 2024,Blood Bowl Rule Book - 2020,83,"If a player Deflects a Bomb, but fails to convert it into an Interception, will it scatter from the square they are in or will they drop it?","It will scatter from the square they are in, in the same manner as a Deflected ball.",,,Bombardier
Blood Bowl Designer's Commentary - May 2024,Blood Bowl Rule Book - 2020,83,"When using the Bombardier trait, can a re-roll be used when determining if a bomb that is caught explodes?",No.,,,Bombardier
Blood Bowl Designer's Commentary - May 2024,Blood Bowl Rule Book - 2020,83,"If a player making a Throw Bomb Special action fumbles the Bomb, does this cause a Turnover?",No.,,,Bombardier
Blood Bowl Designer's Commentary - May 2024,Blood Bowl Rule Book - 2020,84,Can a player with the Chainsaw trait choose to perform a standard Block action instead of a Chainsaw Attack Special action?,Yes.,,,Chainsaw
Blood Bowl Designer's Commentary - May 2024,Blood Bowl Rule Book - 2020,84,"When a player with the Chainsaw trait uses their chainsaw as part of a Foul action, will they still be subjected to the same offensive assists and defensive assists as a normal Foul action?",Yes.,,,Chainsaw
Blood Bowl Designer's Commentary - May 2024,Blood Bowl Rule Book - 2020,85,"Can a player with the Hypnotic Gaze trait perform the Hypnotic Gaze Special action in the same activation in which they declared a Block action, Blitz action, Foul action or Pass action?","No. Hypnotic Gaze is a Special action, and therefore must be declared at the start of a player's activation like all other actions (p. 42). The Hypnotic Gaze Special action allows a player to move before they perform the Hypnotic Gaze Special action if they wish.",,,Hypnotic Gaze
Blood Bowl Designer's Commentary - May 2024,Blood Bowl Rule Book - 2020,85,Does a player who has lost their Tackle Zone as a result of the Hypnotic Gaze trait have to drop the ball?,No.,,,Hypnotic Gaze
Blood Bowl Designer's Commentary - May 2024,Blood Bowl Rule Book - 2020,85,"Does a player with the Hypnotic Gaze trait, who targets a player with the Foul Appearance skill, need to roll for Foul Appearance before performing the Hypnotic Gaze special action?",Yes.,,,"Foul Appearance, Hypnotic Gaze"
Blood Bowl Designer's Commentary - May 2024,Blood Bowl Rule Book - 2020,85,Does a player that declared a Hypnotic Gaze Special action have to declare the target of the Hypnotic Gaze when they are activated before they move?,Yes.,,,Hypnotic Gaze
Blood Bowl Designer's Commentary - May 2024,Blood Bowl Rule Book - 2020,85,Can a player use a team re-roll to re-roll a failed Loner (X+) roll?,No.,,,Loner (X+)
Blood Bowl Designer's Commentary - May 2024,Blood Bowl Rule Book - 2020,85,Can a player with the No Hands trait attempt to interfere with a Pass action in order to automatically fail and force the ball to bounce?,No.,,,No Hands
Blood Bowl Designer's Commentary - May 2024,Blood Bowl Rule Book - 2020,85,Does a player with the Pogo Stick trait still suffer the -1 modifier to their Agility test when attempting to Leap away from a player with the Prehensile Tail mutation?,"No, a player with the Pogo Stick trait ignores all negative modifiers applied for being Marked when attempting to Leap.",,,"Pogo Stick, Prehensile Tail"
Blood Bowl Designer's Commentary - May 2024,Blood Bowl Rule Book - 2020,85,Does a player with the Pogo Stick trait still suffer the -2 modifier to their Agility test when attempting to Leap away from a player who uses the Diving Tackle skill?,"No, a player with the Pogo Stick trait ignores all negative modifiers applied for being Marked when attempting to Leap.",,,"Diving Tackle, Leap, Pogo Stick"
Blood Bowl Designer's Commentary - May 2024,Blood Bowl Rule Book - 2020,86,Can a team re-roll be used to re-roll a Regeneration roll under any circumstances?,No.,,,Regeneration
Blood Bowl Designer's Commentary - May 2024,Blood Bowl Rule Book - 2020,86,"If a player suffers a Casualty, and then rolls a 4+ for their Regeneration trait allowing them not to suffer the Casualty, does the player that inflicted the Casualty still gain Star Player Points for inflicting a Casualty?",Yes.,,,Regeneration
Blood Bowl Designer's Commentary - May 2024,Blood Bowl Rule Book - 2020,86,The Secret Weapon trait states that at the end of a drive in which they participated they will be Sent-off for committing a Foul. Does this mean that you can Argue the Call in this instance?,Yes.,,,Secret Weapon
Blood Bowl Designer's Commentary - May 2024,Blood Bowl Rule Book - 2020,87,Can a Prone player who becomes Rooted still stand up?,Yes.,,,Take Root
Blood Bowl Designer's Commentary - May 2024,Blood Bowl Rule Book - 2020,87,Can a player that has been Rooted as per the Take Root trait use a skill such as Pile Driver or Wrestle in order to place themselves Prone and therefore no longer be Rooted?,Yes.,,,"Pile Driver, Pro, Take Root, Wrestle"
Blood Bowl Designer's Commentary - May 2024,Blood Bowl Rule Book - 2020,91,"When using a Bribe, can I use additional Bribes if the first one fails?",Yes. What kind of self-respecting referee is going to turn down more gold?,,,""
Blood Bowl Designer's Commentary - May 2024,Blood Bowl Rule Book - 2020,94,"If a player holding the ball is turned into a frog as the result of the Zap! spell and the ball is forced to bounce, is a Turnover caused?",No.,,,""
Blood Bowl Designer's Commentary - May 2024,Blood Bowl Rule Book - 2020,95,"If I have induced a Biased Referee, does this mean my coach cannot be ejected when Arguing the Call as the Biased Referee gives a bonus of +1 when rolling to Argue the Call, and the coach is only ejected on the roll of a 1? Or is a natural 1 always a failure?","A natural 1 is not always a failure when rolling to Argue the Call, so having a Biased Referee means that the coach cannot be ejected as they will always receive the +1 to the roll.",,,""
Blood Bowl Designer's Commentary - May 2024,Blood Bowl Rule Book - 2020,98,"For scoring additional League points, will a team score the additional +1 for conceding 0 touchdowns only if their opponent concedes the game having not scored a touchdown, or does this mean that a team simply needs to not concede a touchdown during the game (i.e., 1-0, 2-0, 3-0, etc.)?",A team will score this bonus League point if their opponent fails to score any touchdowns.,,,""
Blood Bowl Designer's Commentary - May 2024,Blood Bowl Rule Book - 2020,133,Can Grombrindal use his Wisdom of the White Dwarf to give another Star Player one of the listed skills?,Yes! Even the most decorated of players can benefit from the glorious wisdom of the White Dwarf!,,,""
Blood Bowl Designer's Commentary - May 2024,Blood Bowl Rule Book - 2020,100,"When re-hiring players, does the agent's fee of 20,000 gold pieces apply for each previous season including the one that has just finished?",Yes.,,,""
Blood Bowl Designer's Commentary - May 2024,Blood Bowl Rule Book - 2020,100,"When re-drafting a team, are a player's agent's fees (the +20,000 gold pieces per season they have played) added to the Team Draft list, or is the +20,000 gold pieces only used for initially re-hiring the player in question?","Only for re-hiring a player in question. So, a player that is worth 50,000 gold pieces could be hired for 70,000 gold pieces from your budget in their second season, but would still be worth 50,000 gold pieces on the Team Draft list.",,,""
Blood Bowl Designer's Commentary - May 2024,Blood Bowl Rule Book - 2020,106,Can a team with the Masters of Undeath special rule still attempt to Raise the Dead if the Necromancer has been Sent Off?,Yes.,,,""
Blood Bowl Designer's Commentary - May 2024,Blood Bowl Rule Book - 2020,130 & 133,"If one half of Grak & Crumbleberry or the Swift Twins is KO'd or suffers a Casualty, then the other replaces their Loner (4+) trait with Loner (2+). Does this revert back to Loner (4+) if the KO'd or Casualtied player returns to the pitch in any way, such as recovering from being Knocked-out or through the use of an apothecary, or does it remain as Loner (2+)?",It will remain as Loner (2+).,,,""
Blood Bowl Designer's Commentary - May 2024,Blood Bowl Rule Book - 2020,130,Can Griff Oberwald's Consummate Professional special rule force an opposition player to re-roll a dice?,"No, it can only be used to re-roll a dice rolled by Griff Oberwald himself.",,,Pro
Blood Bowl Designer's Commentary - May 2024,Blood Bowl Rule Book - 2020,130,Can Griff Oberwald use his Consummate Professional special rule to re-roll the roll to see if he recovers from being Knocked-out?,No.,,Griff Oberwald,Pro
Blood Bowl Designer's Commentary - May 2024,Blood Bowl Rule Book - 2020,131,"Hakflem Skuttlespike's special rule, Treacherous, states that if a player is adjacent to Hakflem when he is activated he can use the ability. Does this mean only at the start of Hakflem's activation, or at any point during his activation?",At the start of his activation.,,Hakflem Skuttlespike,""
Blood Bowl Designer's Commentary - May 2024,Blood Bowl Rule Book - 2020,131,"If Lord Borak the Despoiler is KO'd or removed as a Casualty and then subsequently returns to the pitch, does he still lose his re-roll?","Yes, although the KO'd will only remove him temporarily, he has still been removed from play.",,Lord Borak the Despoiler,""
Blood Bowl Designer's Commentary - May 2024,Blood Bowl Rule Book - 2020,133,What happens if Grombrindal gives the Mighty Blow (+1) skill to a player that already has that skill?,"It will have no effect.,",,,Mighty Blow (+1)
Blood Bowl Designer's Commentary - May 2024,Spike Magazine Issue 17 - Gnomes,5,"When a player uses the Trickster trait, does the player being removed from the pitch and then placed again count as the player moving?","No; it is a placement not a movement. As such, any rules that interact with a player moving, such as the Shadowing or Tentacles skills, will not come into effect.",Gnome,,"Shadowing, Tentacles, Trickster"
Blood Bowl Designer's Commentary - May 2024,Spike Magazine Issue 17 - Gnomes,5,"If a player uses the Trickster trait and places themselves in a square containing the ball, do they attempt to pick it up?","No; it is a placement not a movement. As such, the ball will immediately bounce in the same manner as if the player had been pushed back.",Gnome,,Trickster
Blood Bowl Designer's Commentary - May 2024,Spike Magazine Issue 13 - Khorne,11,Can Grashnak use his Gored by the Bull special rule to roll an additional Block dice (to a maximum of 3) after rolling the Block dice for a Block action?,No. The special rule must be used before any Block dice are rolled.,,Grashnak Blackhoof,""
Blood Bowl Designer's Commentary - May 2024,Spike Magazine Issue 13 - Khorne,11,"Can Grashnak use his Gored by the Bull special rule when he would be rolling 2 Block dice where the opposing coach would choose the result (i.e., his ST is lower than that of the target of his Block action) in order to only roll a single Block dice?",No.,,Grashnak Blackhoof,""
Blood Bowl Designer's Commentary - May 2024,Spike Magazine Issue 13 - Khorne,14,"When Scyla Anfingrimm uses his Fury of the Blood God special rule to perform two Block actions, is the first Block action made in its entirety (including the use of the Frenzy skill) before the second Block action is made?",Yes.,,Scyla Anfingrimm,Frenzy
Blood Bowl Designer's Commentary - May 2024,Spike Magazine Issue 14 - Norse,5,"Does a Prone player on a Norse team roll a D6 for each Beer Boar they are in range of as per the Pick-me-up trait, or only a single D6 regardless of the number of Beer Boars they are in range of?",Just one D6.,Norse,,Pick-me-up
Blood Bowl Designer's Commentary - May 2024,Spike Magazine Issue 14 - Norse,5,"If a Beer Boar stands up as a result of another Beer Boar's Pick-me-up trait, can other team-mates now benefit from its own Pick-me-up trait?",No.,Norse,,Pick-me-up
Blood Bowl Designer's Commentary - May 2024,Spike Magazine Issue 14 - Norse,11,Can Ivar Eriksson use his Raiding Party special rule to target himself if he is Open as the rule doesn't specify it must be one other player on his team,"Yes. So long as he is Open, Ivar may target himself with his Raiding Party special rule.",,Ivar Eriksson,""
Blood Bowl Designer's Commentary - May 2024,Spike Magazine Issue 14 - Norse,11,"If a player moves into a square in which the ball is placed as a result of Ivar Eriksson's Raiding Party special rule, do they have to try and pick up the ball and, if they do, do they ignore the modifiers to the Agility check provided by opposing player's Tackle Zones?",They must try and pick up the ball and they will be affected by the modifiers provided by opposing player's Tackle Zones.,,Ivar Eriksson,""
Blood Bowl Designer's Commentary - May 2024,Spike Magazine Issue 14 - Norse,14,"If a player is removed as a casualty by Skrorg Snowpelt and then subsequently patched by an apothecary, does his team still gain the team re-roll from his Pump up the Crowd special rule?",Yes.,,Skrorg Snowpelt,""
Blood Bowl Designer's Commentary - May 2024,Spike Magazine Issue 15 - Amazon,5,Can the Hit and Run trait be used as part of a Blitz action?,"Yes, as Hit and Run can be used during a Block action. A Blitz action contains a Block action.",Amazon,,Hit and Run
Blood Bowl Designer's Commentary - May 2024,Spike Magazine Issue 15 - Amazon,5,"Can Hit and Run be used after a Block performed by a player with the Frenzy skill resulting in a Push Back, in order to move away from the targeted player and not perform the second Block?","No. Frenzy requires the player to have to follow up and perform the second Block. Hit and Run may be used after this second Block as normal, if applicable.",Amazon,,"Frenzy, Hit and Run"
Blood Bowl Designer's Commentary - May 2024,Spike Magazine Issue 15 - Amazon,11,"When a player is affected by Estelle la Veneaux's Baleful Hex special rule, does this mean the player must be activated last during their next team turn, or that the player cannot be activated at all during their next team turn?",The player cannot be activated at all during their next team turn.,,Estelle la Veneaux,""
Blood Bowl Designer's Commentary - May 2024,Spike Magazine Issue 15 - Amazon,5,Does a player with the Hit and Run trait move their one free square before or after following up as part of a Block or Blitz action?,After following up.,Amazon,,Hit and Run
Blood Bowl Designer's Commentary - May 2024,Spike Magazine Issue 15 - Amazon,5,"If a player uses the Hit and Run trait to move out of the Tackle Zone of a player with the Tentacles skill, does the player with Tentacles get to use the Skill?",No.,Amazon,,"Hit and Run, Tentacles"
Blood Bowl Designer's Commentary - May 2024,Spike Magazine Issue 16 - Vampires,5,Does the Running Pass skill allow a player with the Bloodlust (X+) trait to continue moving after biting a Thrall and then performing a Pass?,Yes.,Vampire,,"Bloodlust (X+), Running Pass"
Blood Bowl Designer's Commentary - May 2024,Spike Magazine Issue 16 - Vampires,5,"If a player with the Bloodlust (X+) trait ends their activation Prone, can they still bite a Thrall?",No. A player with the Bloodlust (X+) trait must be standing in order to bite a Thrall.,Vampire,,Bloodlust (X+)
Blood Bowl Designer's Commentary - May 2024,Spike Magazine Issue 16 - Vampires,5,What happens if a player with the Bloodlust (X+) trait fails the Bloodlust roll and is then placed Prone as a result of the Wrestle skill during a Block action?,"Then the player with the Bloodlust (X+) has been unable to bite a Thrall, a Turnover is caused and the Vampire will lose their Tackle Zone until they are next activated.",Vampire,,"Bloodlust (X+), Wrestle"
Blood Bowl Designer's Commentary - May 2024,Spike Magazine Issue 16 - Vampires,5,What happens if a player with the Bloodlust (X+) trait fails the Bloodlust roll and is forced to end their activation early?,"Then the player with the Bloodlust (X+) trait has been unable to bite a Thrall, Turnover is caused and the Vampire will lose their Tackle Zone until they are next activated and will immediately drop the ball if they were holding it.",Vampire,,Bloodlust (X+)
Blood Bowl Designer's Commentary - May 2024,Spike Magazine Issue 16 - Vampires,5,"If a player with the Bloodlust (X+) trait begins their Activation Prone, do they still need to roll for Bloodlust?",Yes.,Vampire,,Bloodlust (X+)
Blood Bowl Designer's Commentary - May 2024,Spike Magazine Issue 16 - Vampires,5,"If a player with the Bloodlust (X+) trait fails the roll for Bloodlust, can they continue to Move after biting a Thrall in order to score, make a Pass Action, or reposition?","No. After a model has bitten a Thrall, they may Move no further; unless they have a rule that specifically states otherwise (such as Running Pass).",Vampire,,"Bloodlust (X+), Running Pass"
Blood Bowl Designer's Commentary - May 2024,Spike Magazine Issue 16 - Vampires,5,What happens when a player with the Bloodlust (X+) trait targets a player with the Foul Appearance skill and fails both the Bloodlust roll and the Foul Appearance roll?,"The player must first take the Bloodlust roll; if this is failed, they may choose to change their declared action to a Move Action, in which case they will not need to roll for Foul Appearance. If they do not, then they will need to roll for Foul Appearance as normal; if this is failed, then their action is wasted and their Activation will end. This will result in a Turnover if they are unable to bite an adjacent Thrall Teammate.",Vampire,,"Bloodlust (X+), Foul Appearance"
Blood Bowl Designer's Commentary - May 2024,Spike Magazine Issue 16 - Vampires,5,Which players count as Dwarfs for Ivan 'the Animal' Deathshroud's Dwarfen Scourge special rule?,"Well, if it looks like a Dwarf, walks like a Dwarf and holds grudges like a Dwarf, then it is probably a Dwarf! However, just in case there are any doubts, the following players are considered Dwarfs; Dwarf Blocker Lineman; Dwarf Runners; Dwarf Blitzers; Troll Slayers; Deathrollers; Old World Dwarf Blockers; Old World Dwarf Runners; Old World Dwarf Troll Slayers; Chaos Dwarf Blockers; Bull Centaur Blitzers; Grim Ironjaw; Skrull Halfheight; Grombrindal, the White Dwarf and Josef Bugman. In addition, any player who has Dwarf in their position name, or any Player who is described as being a Dwarf in their background, should be considered a Dwarf for the purpose of Ivan's special rule.",,Ivan 'the Animal' Deathshroud,""
Blood Bowl Designer's Commentary - May 2024,Spike! Presents 2021 Almanac,122,"If Kreek Rustgouger is Sent-off as per the Secret Weapon trait, but his coach successfully Argues the Call, can he still use his I'll Be Back! special rule the next time he is Sent-off as per the Secret Weapon trait?",No.,,Kreek 'the Verminator' Rustgouger,Secret Weapon
Blood Bowl Designer's Commentary - May 2024,Spike! Almanac 2022,82,"If Cindy Piewhistle declares she is using her All You Can Eat special rule, but hits herself with the first Throw Bomb Special action (either through a Fumble or by being caught in the explosion) does she still roll to be ejected, and does she still count as having used her special rule?","Cindy will not roll to be ejected as this roll is only made after the second Throw Bomb Special action, which has not been performed in this instance. However, she will still count as having used her special rule as it was declared at the beginning of her activation.",,Cindy Piewhistle,Bombardier
Blood Bowl Designer's Commentary - May 2024,Spike! Almanac 2022,90,Does Nobbla Blackwart have to declare a Blitz action if he wishes to move before using his 'Kick 'em while they're down!' special rule against a Prone or Stunned opponent?,Yes.,,Nobbla Blackwart,